Player,Nation,Pos,Squad,Age,Born,MP,Starts,Min,90s,GA,GA90,SoTA,Saves,Save%,W,D,L,CS,CS%,PKatt,PKA,PKsv,PKm,Save%Penalty,Gls,Ast,G-PK,PK,CrdY,CrdR,Gls/90,Ast/90,G+A,G-PK/90,G+A-PK,Mn/MP,Min%,Mn/Start,Compl,Subs,Mn/Sub,unSub,PPM,onG,onGA,+/-,+/-90,On-Off,2CrdY,Fls,Fld,Off,Crs,Int,TklW,PKwon,PKcon,OG,League Name,League ID,Season
Saturnin Allagbé,bj BEN,GK,Valenciennes,28,1993,7,7,630,7.0,11,1.57,25,15,56.0,1,2,4,2,28.6,1,0,1,0,100.0,0,0,0,0,0,0,0.00,0.00,0.00,0.00,0.00,90,43.8,90,7,0,,2,0.71,4,11,-7,-1.00,-0.78,0,0,0,0,0,0,2,,,0,Ligue-2,60,2021-2022
Enzo Basilio,fr FRA,GK,Guingamp,27,1994,15,15,1350,15.0,20,1.33,50,33,66.0,4,6,5,3,20.0,3,3,0,0,0.0,0,0,0,0,0,0,0.00,0.00,0.00,0.00,0.00,90,93.8,90,15,0,,0,1.20,18,20,-2,-0.13,+1.87,0,1,1,0,0,0,0,,,0,Ligue-2,60,2021-2022
Quentin Braat,fr FRA,GK,Niort,24,1997,16,16,1440,16.0,18,1.13,56,38,69.6,6,3,7,6,37.5,2,1,0,1,0.0,0,0,0,0,1,0,0.00,0.00,0.00,0.00,0.00,90,100.0,90,16,0,,0,1.31,16,18,-2,-0.12,,0,1,2,0,0,0,0,,,0,Ligue-2,60,2021-2022
Lucas Chevalier,fr FRA,GK,Valenciennes,20,2001,9,9,810,9.0,11,1.22,39,30,76.9,4,2,3,3,33.3,2,2,0,0,0.0,0,0,0,0,0,0,0.00,0.00,0.00,0.00,0.00,90,56.3,90,9,0,,0,1.56,9,11,-2,-0.22,+0.78,0,0,1,0,0,0,0,,,0,Ligue-2,60,2021-2022
Vincent Demarconnay,fr FRA,GK,Paris FC,38,1983,14,14,1260,14.0,13,0.93,36,24,66.7,7,3,4,5,35.7,1,1,0,0,0.0,0,0,0,0,0,0,0.00,0.00,0.00,0.00,0.00,90,87.5,90,14,0,,1,1.71,18,13,+5,+0.36,+0.86,0,0,8,0,0,0,0,,,0,Ligue-2,60,2021-2022
Lucas Dias,fr FRA,GK,Nîmes,22,1999,4,3,315,3.5,8,2.29,20,12,60.0,0,0,3,0,0.0,0,0,0,0,,0,0,0,0,0,0,0.00,0.00,0.00,0.00,0.00,79,21.9,90,3,1,45,12,0.25,4,8,-4,-1.14,-1.38,0,0,0,0,0,0,0,,,0,Ligue-2,60,2021-2022
Maxime Dupé,fr FRA,GK,Toulouse,28,1993,16,16,1440,16.0,14,0.87,48,36,75.0,9,6,1,8,50.0,2,2,0,0,0.0,0,0,0,0,0,0,0.00,0.00,0.00,0.00,0.00,90,100.0,90,16,0,,0,2.06,36,14,+22,+1.37,,0,0,0,0,0,0,0,,,0,Ligue-2,60,2021-2022
Ivan Filipović,hr CRO,GK,Paris FC,27,1994,2,2,180,2.0,2,1.00,7,5,71.4,1,0,1,1,50.0,0,0,0,0,,0,0,0,0,0,0,0.00,0.00,0.00,0.00,0.00,90,12.5,90,2,0,,10,1.50,1,2,-1,-0.50,-0.86,0,0,0,0,0,0,0,,,0,Ligue-2,60,2021-2022
Yahia Fofana,fr FRA,GK,Le Havre,21,2000,16,16,1440,16.0,9,0.56,54,47,87.0,6,8,2,9,56.3,2,2,0,0,0.0,0,1,0,0,1,0,0.00,0.06,0.06,0.00,0.06,90,100.0,90,16,0,,0,1.63,15,9,+6,+0.37,,0,1,9,0,0,1,0,,,0,Ligue-2,60,2021-2022
Régis Gurtner,fr FRA,GK,Amiens,34,1986,16,16,1440,16.0,17,1.06,57,41,71.9,2,9,5,7,43.8,1,1,0,0,0.0,0,0,0,0,0,0,0.00,0.00,0.00,0.00,0.00,90,100.0,90,16,0,,0,0.94,15,17,-2,-0.12,,0,0,5,0,0,0,0,,,0,Ligue-2,60,2021-2022
Per Kristian Bråtveit,no NOR,GK,Nîmes,25,1996,13,13,1125,12.5,12,0.96,42,30,71.4,5,5,3,5,38.5,0,0,0,0,,0,0,0,0,0,0,0.00,0.00,0.00,0.00,0.00,87,78.1,87,12,0,,1,1.54,15,12,+3,+0.24,+1.38,0,0,1,0,0,0,0,,,0,Ligue-2,60,2021-2022
Nicolas Lemaître,fr FRA,GK,Quevilly-Rouen,24,1997,16,16,1440,16.0,21,1.31,64,44,68.8,4,5,7,3,18.8,1,1,0,0,0.0,0,0,0,0,1,0,0.00,0.00,0.00,0.00,0.00,90,100.0,90,16,0,,0,1.06,14,21,-7,-0.44,,0,1,4,0,0,0,1,,,0,Ligue-2,60,2021-2022
Donovan Léon,gf GUF,GK,Auxerre,29,1992,16,16,1440,16.0,18,1.13,62,45,72.6,8,5,3,7,43.8,1,1,0,0,0.0,0,0,0,0,1,0,0.00,0.00,0.00,0.00,0.00,90,100.0,90,16,0,,0,1.81,26,18,+8,+0.50,,0,1,4,0,0,1,2,,,0,Ligue-2,60,2021-2022
Benjamin Leroy,fr FRA,GK,Ajaccio,32,1989,14,14,1260,14.0,7,0.50,32,28,84.4,8,3,3,9,64.3,3,2,1,0,33.3,0,0,0,0,1,0,0.00,0.00,0.00,0.00,0.00,90,87.5,90,14,0,,0,1.93,15,7,+8,+0.57,-0.43,0,1,1,0,0,1,0,,,0,Ligue-2,60,2021-2022
Axel Maraval,fr FRA,GK,Dunkerque,28,1993,11,10,901,10.0,13,1.30,40,28,70.0,1,3,6,1,10.0,1,1,0,0,0.0,0,0,0,0,2,0,0.00,0.00,0.00,0.00,0.00,82,62.6,90,10,1,1,5,0.82,7,13,-6,-0.60,-0.77,0,0,2,0,0,0,0,,,0,Ligue-2,60,2021-2022
Brice Maubleu,fr FRA,GK,Grenoble,31,1989,16,16,1381,15.3,19,1.24,61,43,70.5,6,3,7,6,37.5,1,1,0,0,0.0,0,0,0,0,0,1,0.00,0.00,0.00,0.00,0.00,86,95.9,86,15,0,,0,1.31,15,19,-4,-0.26,-0.26,0,1,4,0,0,2,0,,,0,Ligue-2,60,2021-2022
Lionel Mpasi,cd COD,GK,Rodez Aveyron,27,1994,16,16,1440,16.0,16,1.00,41,28,65.9,6,4,6,6,37.5,3,2,1,0,33.3,0,0,0,0,2,0,0.00,0.00,0.00,0.00,0.00,90,100.0,90,16,0,,0,1.38,18,16,+2,+0.12,,0,1,3,0,0,0,0,,,0,Ligue-2,60,2021-2022
Alexandre Olliero,fr FRA,GK,Pau FC,25,1996,16,16,1440,16.0,16,1.00,55,42,74.5,7,3,6,6,37.5,3,2,1,0,33.3,0,0,0,0,1,0,0.00,0.00,0.00,0.00,0.00,90,100.0,90,16,0,,0,1.50,17,16,+1,+0.06,,0,1,3,0,0,0,0,,,0,Ligue-2,60,2021-2022
Maxence Prevot,fr FRA,GK,Sochaux,24,1997,16,16,1440,16.0,12,0.75,45,31,73.3,8,4,4,8,50.0,0,0,0,0,,0,0,0,0,1,0,0.00,0.00,0.00,0.00,0.00,90,100.0,90,16,0,,0,1.75,15,12,+3,+0.19,,0,0,5,0,0,0,0,,,0,Ligue-2,60,2021-2022
Anthony Racioppi,ch SUI,GK,Dijon,22,1998,2,2,180,2.0,2,1.00,13,11,84.6,1,0,1,0,0.0,0,0,0,0,,0,0,0,0,0,0,0.00,0.00,0.00,0.00,0.00,90,12.5,90,2,0,,14,1.50,3,2,+1,+0.50,+0.93,0,0,0,0,0,0,0,,,0,Ligue-2,60,2021-2022
Baptiste Reynet,fr FRA,GK,Dijon,31,1990,14,14,1260,14.0,20,1.43,50,33,66.0,5,1,8,3,21.4,3,3,0,0,0.0,0,0,0,0,0,0,0.00,0.00,0.00,0.00,0.00,90,87.5,90,14,0,,0,1.14,14,20,-6,-0.43,-0.93,0,0,2,0,0,2,0,,,0,Ligue-2,60,2021-2022
Rémy Riou,fr FRA,GK,Caen,34,1987,16,16,1440,16.0,17,1.06,66,50,75.8,4,5,7,5,31.3,1,1,0,0,0.0,0,0,0,0,1,0,0.00,0.00,0.00,0.00,0.00,90,100.0,90,16,0,,0,1.06,16,17,-1,-0.06,,0,1,5,0,0,0,0,,,0,Ligue-2,60,2021-2022
Esteban Salles,fr FRA,GK,Grenoble,27,1994,1,0,57,0.6,0,0.00,3,3,100.0,0,0,0,0,,0,0,0,0,,0,0,0,0,0,0,0.00,0.00,0.00,0.00,0.00,57,4.0,,0,1,57,15,0.00,0,0,0,0.00,+0.26,0,0,0,0,0,0,0,,,0,Ligue-2,60,2021-2022
François-Joseph Sollacaro,fr FRA,GK,Ajaccio,27,1994,2,2,180,2.0,1,0.50,3,2,66.7,1,1,0,1,50.0,0,0,0,0,,0,0,0,0,1,0,0.00,0.00,0.00,0.00,0.00,90,12.5,90,2,0,,12,2.33,5,1,+4,+2.00,+1.57,0,0,0,0,0,0,0,,,0,Ligue-2,60,2021-2022
Nathan Trott,eng ENG,GK,Nancy,23,1998,13,13,1170,13.0,22,1.69,64,43,67.2,2,4,7,2,15.4,2,1,0,1,0.0,0,0,0,0,1,0,0.00,0.00,0.00,0.00,0.00,90,81.3,90,13,0,,2,0.77,9,22,-13,-1.00,-0.67,0,1,2,0,0,1,0,,,0,Ligue-2,60,2021-2022
Jérémy Vachoux,fr FRA,GK,Dunkerque,27,1994,6,6,539,6.0,6,1.00,29,22,79.3,3,1,2,2,33.3,0,0,0,0,,0,0,0,0,1,0,0.00,0.00,0.00,0.00,0.00,90,37.4,90,5,0,,6,1.67,7,6,+1,+0.17,+0.77,0,0,1,0,0,0,0,,,0,Ligue-2,60,2021-2022
Baptiste Valette,fr FRA,GK,Nancy,29,1992,3,3,270,3.0,4,1.33,12,8,66.7,0,2,1,0,0.0,0,0,0,0,,0,0,0,0,0,0,0.00,0.00,0.00,0.00,0.00,90,18.8,90,3,0,,13,0.67,3,4,-1,-0.33,+0.67,0,0,2,0,0,0,0,,,0,Ligue-2,60,2021-2022
Thomas Vincensini,fr FRA,GK,Bastia,28,1993,16,16,1440,16.0,16,1.00,48,36,72.9,4,6,6,5,31.3,4,3,1,0,25.0,0,0,0,0,0,0,0.00,0.00,0.00,0.00,0.00,90,100.0,90,16,0,,0,1.13,14,16,-2,-0.12,,0,0,2,0,0,0,0,,,0,Ligue-2,60,2021-2022
Dominique Youfeigane,cf CTA,GK,Guingamp,21,2000,1,1,90,1.0,2,2.00,4,2,50.0,0,0,1,0,0.0,0,0,0,0,,0,0,0,0,0,0,0.00,0.00,0.00,0.00,0.00,90,6.3,90,1,0,,15,0.00,0,2,-2,-2.00,-1.87,0,0,0,0,0,0,0,,,0,Ligue-2,60,2021-2022
